label,batch,start_unix_s,operations,wall_ms,cuda_batch_ms
worker_5,0,1788087141.874541,50,15.348225,14.971648
worker_5,1,1788087141.889949,50,15.892341,15.562816
worker_5,2,1788087141.905892,50,15.830766,15.500608
worker_5,3,1788087141.921772,50,15.598579,15.475072
worker_5,4,1788087141.937395,50,15.472578,15.414048
worker_5,5,1788087141.952888,50,15.440151,15.378496
worker_5,6,1788087141.968345,50,15.645774,15.386144
worker_5,7,1788087141.984040,50,15.950962,15.617504
worker_5,8,1788087142.000039,50,15.700690,15.435168
worker_5,9,1788087142.015788,50,15.539032,15.276736
worker_5,10,1788087142.031367,50,15.411448,15.344160
worker_5,11,1788087142.046799,50,15.486699,15.350880
worker_5,12,1788087142.062305,50,15.559449,15.129920
worker_5,13,1788087142.077912,50,15.900099,15.406688
worker_5,14,1788087142.093860,50,15.779089,15.424096
worker_5,15,1788087142.109687,50,15.752710,15.502208
worker_5,16,1788087142.125489,50,15.673653,15.551392
worker_5,17,1788087142.141189,50,15.436800,15.376448
worker_5,18,1788087142.156646,50,15.304086,15.249632
worker_5,19,1788087142.171966,50,15.615413,15.358976
worker_5,20,1788087142.187629,50,15.875739,15.545824
worker_5,21,1788087142.203554,50,15.970248,15.640320
worker_5,22,1788087142.219573,50,16.001249,15.671232
worker_5,23,1788087142.235621,50,15.752016,15.626560
worker_5,24,1788087142.251398,50,15.346643,15.288032
worker_5,25,1788087142.266763,50,15.661431,15.401536
worker_5,26,1788087142.282473,50,16.028471,15.693920
worker_5,27,1788087142.298550,50,15.788525,15.456064
worker_5,28,1788087142.314385,50,15.843118,15.514144
worker_5,29,1788087142.330289,50,15.628098,15.505312
worker_5,30,1788087142.345941,50,15.373254,15.319584
worker_5,31,1788087142.361333,50,15.331521,15.281920
worker_5,32,1788087142.376683,50,15.672255,15.410144
worker_5,33,1788087142.392404,50,15.760562,15.431136
worker_5,34,1788087142.408232,50,15.808127,15.474720
worker_5,35,1788087142.424088,50,15.843405,15.513696
worker_5,36,1788087142.439979,50,15.545226,15.423872
worker_5,37,1788087142.455549,50,15.434401,15.379008
worker_5,38,1788087142.471003,50,15.706422,15.438240
worker_5,39,1788087142.486758,50,15.878868,15.546528
worker_5,40,1788087142.502685,50,15.760728,15.434272
worker_5,41,1788087142.518494,50,15.519012,15.389760
worker_5,42,1788087142.534041,50,15.418382,15.359008
worker_5,43,1788087142.549478,50,15.372021,15.321248
worker_5,44,1788087142.564868,50,15.582383,15.315456
worker_5,45,1788087142.580499,50,15.546885,15.418560
worker_5,46,1788087142.596072,50,15.406317,15.346400
worker_5,47,1788087142.611497,50,15.563189,15.413792
worker_5,48,1788087142.627109,50,15.713765,15.388832
worker_5,49,1788087142.642888,50,15.575125,15.451488
worker_5,50,1788087142.658491,50,15.512449,15.451808
worker_5,51,1788087142.674021,50,15.780840,15.515168
worker_5,52,1788087142.689851,50,15.641366,15.511200
worker_5,53,1788087142.705521,50,15.649459,15.378496
worker_5,54,1788087142.721217,50,15.692108,15.359328
worker_5,55,1788087142.736956,50,15.566440,15.440672
worker_5,56,1788087142.752550,50,15.445930,15.385280
worker_5,57,1788087142.768015,50,15.342364,15.287872
worker_5,58,1788087142.783381,50,15.446476,15.393344
worker_5,59,1788087142.798848,50,15.334569,15.285344
worker_5,60,1788087142.814200,50,15.395715,15.341440
worker_5,61,1788087142.829613,50,15.288345,15.236544
worker_5,62,1788087142.844917,50,15.459829,15.397248
worker_5,63,1788087142.860402,50,15.458059,15.397248
worker_5,64,1788087142.875882,50,15.406467,15.352544
worker_5,65,1788087142.891312,50,15.409929,15.351104
worker_5,66,1788087142.906743,50,15.509940,15.232992
worker_5,67,1788087142.922302,50,15.875304,15.525056
worker_5,68,1788087142.938238,50,15.706321,15.574688
worker_5,69,1788087142.953970,50,15.559571,15.499456
worker_5,70,1788087142.969549,50,15.695339,15.422688
worker_5,71,1788087142.985292,50,15.584876,15.449888
worker_5,72,1788087143.000902,50,15.322160,15.251744
worker_5,73,1788087143.016246,50,15.585163,15.309088
worker_5,74,1788087143.031880,50,15.500698,15.367264
worker_5,75,1788087143.047407,50,15.478496,15.422880
worker_5,76,1788087143.062907,50,15.433208,15.379264
worker_5,77,1788087143.078360,50,15.594468,15.333472
worker_5,78,1788087143.094004,50,15.562579,15.432128
worker_5,79,1788087143.109592,50,15.563875,15.269120
worker_5,80,1788087143.125203,50,15.652931,15.472096
worker_5,81,1788087143.140905,50,15.541726,15.418240
worker_5,82,1788087143.156471,50,15.404280,15.345568
worker_5,83,1788087143.171895,50,15.626061,15.358176
worker_5,84,1788087143.187568,50,15.551717,15.420352
worker_5,85,1788087143.203146,50,15.315919,15.255008
worker_5,86,1788087143.218482,50,15.550013,15.287360
worker_5,87,1788087143.234081,50,15.748191,15.417504
worker_5,88,1788087143.249887,50,15.452661,15.329184
worker_5,89,1788087143.265366,50,15.347734,15.279808
worker_5,90,1788087143.280737,50,15.356410,15.298688
worker_5,91,1788087143.296114,50,15.242122,15.193120
worker_5,92,1788087143.311378,50,15.548273,15.273408
worker_5,93,1788087143.326977,50,15.608708,15.271648
worker_5,94,1788087143.342636,50,15.421956,15.295552
worker_5,95,1788087143.358084,50,15.268566,15.217024
worker_5,96,1788087143.373372,50,15.380263,15.323168
worker_5,97,1788087143.388777,50,15.339058,15.281312
worker_5,98,1788087143.404136,50,15.383615,15.334656
worker_5,99,1788087143.419536,50,15.321188,15.269248
worker_5,100,1788087143.434876,50,15.599996,15.342816
worker_5,101,1788087143.450526,50,15.631950,15.508640
worker_5,102,1788087143.466184,50,15.698913,15.430400
worker_5,103,1788087143.481930,50,15.649978,15.523424
worker_5,104,1788087143.497606,50,15.399550,15.342080
worker_5,105,1788087143.513026,50,15.147251,15.095808
worker_5,106,1788087143.528195,50,15.222002,15.155840
worker_5,107,1788087143.543451,50,15.275003,15.222208
worker_5,108,1788087143.558746,50,15.444959,15.397408
worker_5,109,1788087143.574209,50,15.467189,15.209632
worker_5,110,1788087143.589727,50,15.455448,15.327296
worker_5,111,1788087143.605207,50,15.448819,15.393888
worker_5,112,1788087143.620675,50,15.619079,15.330848
worker_5,113,1788087143.636344,50,15.378151,15.244288
worker_5,114,1788087143.651750,50,15.179372,15.120832
worker_5,115,1788087143.666948,50,15.544532,15.281888
worker_5,116,1788087143.682539,50,15.634830,15.512960
worker_5,117,1788087143.698198,50,15.511134,15.448480
worker_5,118,1788087143.713728,50,15.709848,15.434176
worker_5,119,1788087143.729485,50,15.710950,15.370688
worker_5,120,1788087143.745243,50,15.486013,15.360512
worker_5,121,1788087143.760755,50,15.518356,15.458048
worker_5,122,1788087143.776292,50,15.377679,15.320672
worker_5,123,1788087143.791694,50,15.473300,15.415712
worker_5,124,1788087143.807185,50,15.632663,15.360864
worker_5,125,1788087143.822868,50,15.618311,15.262240
worker_5,126,1788087143.838534,50,15.408938,15.281120
worker_5,127,1788087143.853983,50,15.280594,15.224576
worker_5,128,1788087143.869287,50,15.396548,15.340288
worker_5,129,1788087143.884705,50,15.369844,15.315328
worker_5,130,1788087143.900093,50,15.412030,15.355328
worker_5,131,1788087143.915524,50,15.637080,15.373376
worker_5,132,1788087143.931209,50,15.556041,15.428032
worker_5,133,1788087143.946791,50,15.218798,15.160832
worker_5,134,1788087143.962028,50,15.527365,15.461504
worker_5,135,1788087143.977574,50,15.464106,15.405408
worker_5,136,1788087143.993062,50,15.461855,15.402688
worker_5,137,1788087144.008543,50,15.752765,15.477088
worker_5,138,1788087144.024344,50,15.759135,15.417312
worker_5,139,1788087144.040152,50,15.590931,15.448768
worker_5,140,1788087144.055770,50,15.292326,15.236832
worker_5,141,1788087144.071082,50,15.369522,15.314016
worker_5,142,1788087144.086474,50,15.441568,15.385248
worker_5,143,1788087144.101935,50,15.396346,15.342848
worker_5,144,1788087144.117349,50,15.501792,15.390432
worker_5,145,1788087144.132901,50,15.541830,15.399968
worker_5,146,1788087144.148485,50,15.299253,15.241984
worker_5,147,1788087144.163803,50,15.341123,15.289536
worker_5,148,1788087144.179164,50,15.322577,15.268160
worker_5,149,1788087144.194507,50,15.356050,15.303584
worker_5,150,1788087144.209969,50,15.579820,15.308544
worker_5,151,1788087144.225596,50,15.653644,15.321280
worker_5,152,1788087144.241297,50,15.589024,15.461504
worker_5,153,1788087144.256911,50,15.335578,15.275648
worker_5,154,1788087144.272266,50,15.452753,15.394336
worker_5,155,1788087144.287741,50,15.452208,15.394816
worker_5,156,1788087144.303212,50,15.370041,15.315360
worker_5,157,1788087144.318600,50,15.480615,15.210816
worker_5,158,1788087144.334132,50,15.673524,15.546688
worker_5,159,1788087144.349831,50,15.413837,15.352224
worker_5,160,1788087144.365264,50,15.414308,15.362624
worker_5,161,1788087144.380697,50,15.372188,15.308992
worker_5,162,1788087144.396088,50,15.322679,15.257760
worker_5,163,1788087144.411433,50,15.556060,15.281184
worker_5,164,1788087144.427037,50,15.726394,15.392096
worker_5,165,1788087144.442810,50,15.412892,15.291584
worker_5,166,1788087144.458264,50,15.346947,15.287360
worker_5,167,1788087144.473631,50,15.197853,15.140832
worker_5,168,1788087144.488854,50,15.316354,15.258240
worker_5,169,1788087144.504189,50,15.326447,15.272864
worker_5,170,1788087144.519536,50,15.708875,15.448800
worker_5,171,1788087144.535293,50,15.504208,15.375584
worker_5,172,1788087144.550823,50,15.327168,15.268352
worker_5,173,1788087144.566171,50,15.435586,15.382784
worker_5,174,1788087144.581625,50,15.259686,15.203136
worker_5,175,1788087144.596906,50,15.414030,15.356448
worker_5,176,1788087144.612338,50,15.720255,15.449184
worker_5,177,1788087144.628106,50,15.875341,15.548896
worker_5,178,1788087144.644031,50,15.616116,15.489472
worker_5,179,1788087144.659673,50,15.389809,15.330048
worker_5,180,1788087144.675083,50,15.623163,15.352544
worker_5,181,1788087144.690755,50,15.459967,15.334816
worker_5,182,1788087144.706240,50,15.514152,15.455200
worker_5,183,1788087144.721775,50,15.621885,15.345536
worker_5,184,1788087144.737445,50,15.575144,15.392864
worker_5,185,1788087144.753084,50,15.620886,15.494368
worker_5,186,1788087144.768731,50,15.475134,15.409760
worker_5,187,1788087144.784248,50,15.656589,15.393600
worker_5,188,1788087144.799951,50,15.534125,15.406880
worker_5,189,1788087144.815512,50,15.618228,15.328896
worker_5,190,1788087144.831180,50,15.758007,15.417376
worker_5,191,1788087144.846986,50,15.567135,15.442432
worker_5,192,1788087144.862578,50,15.469829,15.415264
worker_5,193,1788087144.878068,50,15.436698,15.383616
worker_5,194,1788087144.893525,50,15.516005,15.463296
worker_5,195,1788087144.909060,50,15.616978,15.327136
worker_5,196,1788087144.924726,50,15.644339,15.310752
worker_5,197,1788087144.940417,50,15.323113,15.195808
worker_5,198,1788087144.955764,50,15.255197,15.197664
worker_5,199,1788087144.971041,50,15.550190,15.277536
worker_5,200,1788087144.986638,50,15.452459,15.325216
worker_5,201,1788087145.002115,50,15.358726,15.300480
worker_5,202,1788087145.017494,50,15.630718,15.359072
worker_5,203,1788087145.033174,50,15.698978,15.354272
worker_5,204,1788087145.048919,50,15.547690,15.409440
worker_5,205,1788087145.064510,50,15.358716,15.302336
worker_5,206,1788087145.079888,50,15.668719,15.391232
worker_5,207,1788087145.095605,50,15.497894,15.360928
worker_5,208,1788087145.111128,50,15.761080,15.469792
worker_5,209,1788087145.126937,50,15.449439,15.323552
worker_5,210,1788087145.142413,50,15.446595,15.392256
worker_5,211,1788087145.157877,50,15.282817,15.233472
worker_5,212,1788087145.173178,50,15.662329,15.402944
worker_5,213,1788087145.188890,50,15.727645,15.569792
worker_5,214,1788087145.204643,50,15.521217,15.458208
worker_5,215,1788087145.220184,50,15.511356,15.241504
worker_5,216,1788087145.235744,50,15.710182,15.530880
worker_5,217,1788087145.251502,50,15.479050,15.353216
worker_5,218,1788087145.267005,50,15.523569,15.468544
worker_5,219,1788087145.282549,50,15.605532,15.302496
worker_5,220,1788087145.298202,50,15.595051,15.465216
worker_5,221,1788087145.313823,50,15.562450,15.286432
worker_5,222,1788087145.329432,50,15.701108,15.367232
worker_5,223,1788087145.345180,50,15.359262,15.235488
worker_5,224,1788087145.360579,50,15.455929,15.400544
worker_5,225,1788087145.376056,50,15.531728,15.474880
worker_5,226,1788087145.391611,50,15.245881,15.194112
worker_5,227,1788087145.406875,50,15.371327,15.324288
worker_5,228,1788087145.422264,50,15.445643,15.186816
worker_5,229,1788087145.437757,50,15.743932,15.391168
worker_5,230,1788087145.453547,50,15.522773,15.400096
worker_5,231,1788087145.469095,50,15.325744,15.266976
worker_5,232,1788087145.484442,50,15.548542,15.498304
worker_5,233,1788087145.500009,50,15.461717,15.412736
worker_5,234,1788087145.515487,50,15.746247,15.488320
worker_5,235,1788087145.531282,50,15.577838,15.452640
worker_5,236,1788087145.546885,50,15.503699,15.447104
worker_5,237,1788087145.562407,50,15.488606,15.438112
worker_5,238,1788087145.577913,50,15.256381,15.193696
worker_5,239,1788087145.593193,50,15.338003,15.278432
worker_5,240,1788087145.608548,50,15.469671,15.417568
worker_5,241,1788087145.624035,50,15.663839,15.390976
worker_5,242,1788087145.639748,50,15.636570,15.506304
worker_5,243,1788087145.655411,50,15.405300,15.350720
worker_5,244,1788087145.670850,50,15.584088,15.318944
worker_5,245,1788087145.686483,50,15.537958,15.398784
worker_5,246,1788087145.702048,50,15.524764,15.462816
worker_5,247,1788087145.717592,50,15.619830,15.341600
worker_5,248,1788087145.733262,50,15.619932,15.438944
worker_5,249,1788087145.748931,50,15.606524,15.482240
worker_5,250,1788087145.764564,50,15.493856,15.439744
worker_5,251,1788087145.780076,50,15.618347,15.356608
worker_5,252,1788087145.795741,50,15.605412,15.475776
worker_5,253,1788087145.811372,50,15.596643,15.323296
worker_5,254,1788087145.827015,50,15.819628,15.481184
worker_5,255,1788087145.842883,50,15.392660,15.267424
worker_5,256,1788087145.858300,50,15.544264,15.489984
worker_5,257,1788087145.873865,50,15.384189,15.325952
worker_5,258,1788087145.889274,50,15.396827,15.331424
worker_5,259,1788087145.904689,50,15.428494,15.380672
worker_5,260,1788087145.920136,50,15.481337,15.214272
worker_5,261,1788087145.935666,50,15.784850,15.438240
worker_5,262,1788087145.951499,50,15.604837,15.473952
worker_5,263,1788087145.967142,50,15.478403,15.423904
worker_5,264,1788087145.982640,50,15.423299,15.318368
worker_5,265,1788087145.998111,50,15.723422,15.598752
worker_5,266,1788087146.013861,50,15.439003,15.369920
worker_5,267,1788087146.029324,50,15.604329,15.324064
worker_5,268,1788087146.044975,50,15.596041,15.467584
worker_5,269,1788087146.060599,50,15.383678,15.324864
worker_5,270,1788087146.076002,50,15.565801,15.302048
worker_5,271,1788087146.091616,50,15.603005,15.478016
worker_5,272,1788087146.107244,50,15.420160,15.363776
worker_5,273,1788087146.122684,50,15.650201,15.385600
worker_5,274,1788087146.138382,50,15.554532,15.429696
worker_5,275,1788087146.153961,50,15.357021,15.296064
worker_5,276,1788087146.169338,50,15.363855,15.314848
worker_5,277,1788087146.184718,50,15.552625,15.258464
worker_5,278,1788087146.200321,50,15.590005,15.453344
worker_5,279,1788087146.215936,50,15.572283,15.289728
worker_5,280,1788087146.231555,50,15.757655,15.576192
worker_5,281,1788087146.247359,50,15.402902,15.281600
worker_5,282,1788087146.262786,50,15.435781,15.380832
worker_5,283,1788087146.278253,50,15.477301,15.424256
worker_5,284,1788087146.293751,50,15.439671,15.386592
worker_5,285,1788087146.309208,50,15.504920,15.449856
worker_5,286,1788087146.324730,50,15.426337,15.160224
worker_5,287,1788087146.340204,50,15.730007,15.373728
worker_5,288,1788087146.355980,50,15.675859,15.547232
worker_5,289,1788087146.371681,50,15.555671,15.490528
worker_5,290,1788087146.387261,50,15.572562,15.516416
worker_5,291,1788087146.402853,50,15.440189,15.391008
worker_5,292,1788087146.418310,50,15.800248,15.525696
worker_5,293,1788087146.434158,50,15.569894,15.428192
worker_5,294,1788087146.449752,50,15.211548,15.157536
worker_5,295,1788087146.464983,50,15.396244,15.343616
worker_5,296,1788087146.480396,50,15.454199,15.346016
worker_5,297,1788087146.495900,50,15.595746,15.464512
worker_5,298,1788087146.511600,50,15.721403,15.449888
worker_5,299,1788087146.527369,50,15.816942,15.483648
worker_5,300,1788087146.543233,50,15.443225,15.317856
worker_5,301,1788087146.558701,50,15.430410,15.371168
worker_5,302,1788087146.574164,50,15.751747,15.491200
worker_5,303,1788087146.589963,50,15.738395,15.612544
worker_5,304,1788087146.605726,50,15.365475,15.305408
worker_5,305,1788087146.621110,50,15.534161,15.245824
worker_5,306,1788087146.636692,50,15.447383,15.321088
worker_5,307,1788087146.652164,50,15.402503,15.346496
worker_5,308,1788087146.667587,50,15.287335,15.238720
worker_5,309,1788087146.682892,50,15.487920,15.378720
worker_5,310,1788087146.698417,50,15.726126,15.412640
worker_5,311,1788087146.714192,50,15.935508,15.459008
worker_5,312,1788087146.730173,50,15.830155,15.324000
worker_5,313,1788087146.746048,50,15.694024,15.568448
worker_5,314,1788087146.761767,50,15.557292,15.496512
worker_5,315,1788087146.777344,50,15.397605,15.331456
worker_5,316,1788087146.792764,50,15.264956,15.206304
worker_5,317,1788087146.808050,50,15.607551,15.549632
worker_5,318,1788087146.823677,50,15.450385,15.398560
worker_5,319,1788087146.839146,50,15.275012,15.221088
worker_5,320,1788087146.854439,50,15.271947,15.218368
worker_5,321,1788087146.869728,50,15.494217,15.440384
worker_5,322,1788087146.885255,50,15.583523,15.524352
worker_5,323,1788087146.900857,50,15.478818,15.426624
worker_5,324,1788087146.916352,50,15.661931,15.388192
worker_5,325,1788087146.932063,50,15.758738,15.558816
worker_5,326,1788087146.947868,50,15.573959,15.447040
worker_5,327,1788087146.963466,50,15.518800,15.459328
worker_5,328,1788087146.979004,50,15.491745,15.438752
worker_5,329,1788087146.994515,50,15.436226,15.375808
worker_5,330,1788087147.009975,50,15.523847,15.460256
worker_5,331,1788087147.025521,50,15.379947,15.324640
worker_5,332,1788087147.040919,50,15.519051,15.466368
worker_5,333,1788087147.056458,50,15.420587,15.368928
worker_5,334,1788087147.071895,50,15.441884,15.395040
worker_5,335,1788087147.087354,50,15.519588,15.471136
worker_5,336,1788087147.102890,50,15.500318,15.448480
worker_5,337,1788087147.118407,50,15.337744,15.276832
worker_5,338,1788087147.133778,50,15.359948,15.290240
worker_5,339,1788087147.149158,50,15.309540,15.244544
worker_5,340,1788087147.164484,50,15.822266,15.546368
worker_5,341,1788087147.180369,50,15.713793,15.582272
worker_5,342,1788087147.196107,50,15.476402,15.419712
worker_5,343,1788087147.211602,50,15.317965,15.263936
worker_5,344,1788087147.226939,50,15.215382,15.159616
worker_5,345,1788087147.242173,50,15.512866,15.236512
worker_5,346,1788087147.257734,50,15.799876,15.445792
worker_5,347,1788087147.273580,50,15.620468,15.495712
worker_5,348,1788087147.289225,50,15.591967,15.536736
worker_5,349,1788087147.304835,50,15.362781,15.315648
worker_5,350,1788087147.320230,50,15.248455,15.202144
worker_5,351,1788087147.335495,50,15.330381,15.274976
worker_5,352,1788087147.350847,50,15.530052,15.262816
worker_5,353,1788087147.366425,50,15.871312,15.528416
worker_5,354,1788087147.382344,50,15.871989,15.528960
worker_5,355,1788087147.398261,50,15.558152,15.435008
worker_5,356,1788087147.413846,50,15.348707,15.290720
worker_5,357,1788087147.429214,50,15.274910,15.226400
worker_5,358,1788087147.444506,50,15.485597,15.228992
worker_5,359,1788087147.460041,50,15.791127,15.459648
worker_5,360,1788087147.475879,50,15.902951,15.581728
worker_5,361,1788087147.491842,50,15.963388,15.632608
worker_5,362,1788087147.507855,50,15.785776,15.456768
worker_5,363,1788087147.523689,50,15.767165,15.437408
worker_5,364,1788087147.539504,50,15.587107,15.463648
worker_5,365,1788087147.555116,50,15.475912,15.423424
worker_5,366,1788087147.570611,50,15.503523,15.456288
worker_5,367,1788087147.586131,50,15.420142,15.363872
worker_5,368,1788087147.601571,50,15.457818,15.403456
worker_5,369,1788087147.617048,50,15.428374,15.168288
worker_5,370,1788087147.632525,50,15.787517,15.457792
worker_5,371,1788087147.648359,50,15.726562,15.383456
worker_5,372,1788087147.664133,50,15.898591,15.539904
worker_5,373,1788087147.680080,50,15.727025,15.394336
worker_5,374,1788087147.695856,50,15.940304,15.599808
worker_5,375,1788087147.711844,50,15.521162,15.398688
worker_5,376,1788087147.727391,50,15.284771,15.230752
worker_5,377,1788087147.742695,50,15.434292,15.380096
worker_5,378,1788087147.758147,50,15.371892,15.324960
worker_5,379,1788087147.773536,50,15.664264,15.398912
worker_5,380,1788087147.789262,50,15.778906,15.443808
worker_5,381,1788087147.805088,50,15.601496,15.474528
worker_5,382,1788087147.820715,50,15.338567,15.283264
worker_5,383,1788087147.836071,50,15.301624,15.245792
worker_5,384,1788087147.851391,50,15.599366,15.324096
worker_5,385,1788087147.867040,50,15.979889,15.634336
worker_5,386,1788087147.883068,50,15.761867,15.426432
worker_5,387,1788087147.898878,50,15.721551,15.376736
worker_5,388,1788087147.914647,50,15.696320,15.356640
worker_5,389,1788087147.930389,50,15.698468,15.365952
worker_5,390,1788087147.946135,50,15.863748,15.517568
worker_5,391,1788087147.962046,50,15.910193,15.571808
worker_5,392,1788087147.978003,50,15.763905,15.432032
worker_5,393,1788087147.993814,50,15.811776,15.477568
worker_5,394,1788087148.009673,50,15.725756,15.393056
worker_5,395,1788087148.025445,50,15.638570,15.291936
worker_5,396,1788087148.041130,50,15.523059,15.399072
worker_5,397,1788087148.056678,50,15.395188,15.336000
worker_5,398,1788087148.072092,50,15.553375,15.506048
worker_5,399,1788087148.087662,50,15.502818,15.243648
worker_5,400,1788087148.103223,50,15.733006,15.400480
worker_5,401,1788087148.119005,50,15.625199,15.297920
worker_5,402,1788087148.134677,50,15.465902,15.344416
worker_5,403,1788087148.150167,50,15.505672,15.454176
worker_5,404,1788087148.165691,50,15.444135,15.392160
worker_5,405,1788087148.181152,50,15.651635,15.374432
worker_5,406,1788087148.196853,50,15.717146,15.371808
worker_5,407,1788087148.212617,50,15.648043,15.289856
worker_5,408,1788087148.228313,50,15.550708,15.371104
worker_5,409,1788087148.243912,50,15.566283,15.443392
worker_5,410,1788087148.259502,50,15.552506,15.500064
worker_5,411,1788087148.275074,50,15.399124,15.351552
worker_5,412,1788087148.290490,50,15.717544,15.462560
worker_5,413,1788087148.306257,50,15.586635,15.460992
worker_5,414,1788087148.321869,50,15.386235,15.325984
worker_5,415,1788087148.337275,50,15.676719,15.396928
worker_5,416,1788087148.353001,50,15.843460,15.491456
worker_5,417,1788087148.368891,50,15.813692,15.474848
worker_5,418,1788087148.384752,50,15.891776,15.550560
worker_5,419,1788087148.400706,50,15.673858,15.334336
worker_5,420,1788087148.416427,50,15.702747,15.347936
worker_5,421,1788087148.432178,50,15.751433,15.397856
worker_5,422,1788087148.447976,50,15.807229,15.471872
worker_5,423,1788087148.463830,50,15.777368,15.446400
worker_5,424,1788087148.479656,50,15.651561,15.473632
worker_5,425,1788087148.495356,50,15.684349,15.559328
worker_5,426,1788087148.511068,50,15.256318,15.196736
worker_5,427,1788087148.526344,50,15.474338,15.209920
worker_5,428,1788087148.541866,50,15.596737,15.469408
worker_5,429,1788087148.557487,50,15.369448,15.312544
worker_5,430,1788087148.572875,50,15.467172,15.409632
worker_5,431,1788087148.588362,50,15.743173,15.469824
worker_5,432,1788087148.604153,50,15.787803,15.428160
worker_5,433,1788087148.619989,50,15.631006,15.507488
worker_5,434,1788087148.635645,50,15.275697,15.221184
worker_5,435,1788087148.650940,50,15.514466,15.254272
worker_5,436,1788087148.666503,50,15.760784,15.412448
worker_5,437,1788087148.682311,50,15.738960,15.410592
worker_5,438,1788087148.698096,50,15.767091,15.433792
worker_5,439,1788087148.713925,50,15.774701,15.432576
worker_5,440,1788087148.729747,50,15.451152,15.323296
worker_5,441,1788087148.745224,50,15.314633,15.254432
worker_5,442,1788087148.760558,50,15.259585,15.212224
worker_5,443,1788087148.775835,50,15.459504,15.408640
worker_5,444,1788087148.791313,50,15.332457,15.278208
worker_5,445,1788087148.806665,50,15.289725,15.238752
worker_5,446,1788087148.822055,50,15.523338,15.247840
worker_5,447,1788087148.837627,50,15.713803,15.205760
worker_5,448,1788087148.853388,50,15.506412,15.325024
worker_5,449,1788087148.868944,50,15.595144,15.468640
worker_5,450,1788087148.884566,50,15.369355,15.310432
worker_5,451,1788087148.899954,50,15.449328,15.190496
worker_5,452,1788087148.915451,50,15.657126,15.305184
worker_5,453,1788087148.931155,50,15.528718,15.195488
worker_5,454,1788087148.946729,50,15.771784,15.430208
worker_5,455,1788087148.962549,50,15.805821,15.469152
worker_5,456,1788087148.978403,50,15.748321,15.402848
worker_5,457,1788087148.994199,50,15.869600,15.531648
worker_5,458,1788087149.010127,50,15.636117,15.507616
worker_5,459,1788087149.025788,50,15.230798,15.176288
worker_5,460,1788087149.041037,50,15.466865,15.365472
worker_5,461,1788087149.056544,50,15.525208,15.434048
worker_5,462,1788087149.072097,50,15.597579,15.329888
worker_5,463,1788087149.087741,50,15.661386,15.325280
worker_5,464,1788087149.103449,50,15.670154,15.335104
worker_5,465,1788087149.119166,50,15.716312,15.383776
worker_5,466,1788087149.134931,50,15.808489,15.475616
worker_5,467,1788087149.150788,50,15.681960,15.352128
worker_5,468,1788087149.166517,50,15.727099,15.379520
worker_5,469,1788087149.182293,50,15.798692,15.461408
worker_5,470,1788087149.198139,50,15.664979,15.336320
worker_5,471,1788087149.213852,50,15.708303,15.374048
worker_5,472,1788087149.229607,50,15.475144,15.351808
worker_5,473,1788087149.245111,50,15.330298,15.264640
worker_5,474,1788087149.260464,50,15.436347,15.377408
worker_5,475,1788087149.275918,50,15.511698,15.460960
worker_5,476,1788087149.291448,50,15.328733,15.276640
worker_5,477,1788087149.306795,50,15.385299,15.327040
worker_5,478,1788087149.322222,50,15.307113,15.244352
worker_5,479,1788087149.337552,50,15.340178,15.272800
worker_5,480,1788087149.352913,50,15.439188,15.327904
worker_5,481,1788087149.368401,50,15.789118,15.460960
worker_5,482,1788087149.384255,50,15.358281,15.230336
worker_5,483,1788087149.399638,50,15.584820,15.315488
worker_5,484,1788087149.415272,50,15.543115,15.403360
worker_5,485,1788087149.430842,50,15.609459,15.336608
worker_5,486,1788087149.446501,50,15.719849,15.383392
worker_5,487,1788087149.462270,50,15.580644,15.245792
worker_5,488,1788087149.477900,50,15.601718,15.424160
worker_5,489,1788087149.493550,50,15.511661,15.389824
worker_5,490,1788087149.509088,50,15.326686,15.271392
worker_5,491,1788087149.524434,50,15.275057,15.220672
worker_5,492,1788087149.539727,50,15.253085,15.205248
worker_5,493,1788087149.554999,50,15.322474,15.268128
worker_5,494,1788087149.570342,50,15.578319,15.315776
worker_5,495,1788087149.585969,50,15.658579,15.330272
worker_5,496,1788087149.601675,50,15.530467,15.402976
worker_5,497,1788087149.617248,50,15.441475,15.168032
worker_5,498,1788087149.632737,50,15.806338,15.470624
worker_5,499,1788087149.648590,50,15.728070,15.397024
worker_5,500,1788087149.664366,50,15.716366,15.373216
worker_5,501,1788087149.680131,50,15.835553,15.481184
worker_5,502,1788087149.696013,50,15.787070,15.446240
worker_5,503,1788087149.711848,50,15.447115,15.321728
worker_5,504,1788087149.727321,50,15.255807,15.198912
worker_5,505,1788087149.742595,50,15.277733,15.220928
worker_5,506,1788087149.757896,50,15.479412,15.422400
worker_5,507,1788087149.773396,50,15.256715,15.204736
worker_5,508,1788087149.788670,50,15.594533,15.312096
worker_5,509,1788087149.804313,50,15.660033,15.327328
worker_5,510,1788087149.820021,50,15.684968,15.348672
worker_5,511,1788087149.835752,50,15.646866,15.317184
worker_5,512,1788087149.851447,50,15.779098,15.449568
worker_5,513,1788087149.867273,50,15.711608,15.383936
worker_5,514,1788087149.883033,50,15.914211,15.571616
worker_5,515,1788087149.898993,50,15.641626,15.309024
worker_5,516,1788087149.914681,50,15.668366,15.306528
worker_5,517,1788087149.930419,50,15.689646,15.356992
worker_5,518,1788087149.946156,50,15.631839,15.298080
worker_5,519,1788087149.961836,50,15.716942,15.387168
worker_5,520,1788087149.977599,50,15.466336,15.343360
worker_5,521,1788087149.993094,50,15.363096,15.305440
worker_5,522,1788087150.008477,50,15.593432,15.325696
worker_5,523,1788087150.024119,50,15.835619,15.505024
worker_5,524,1788087150.040001,50,15.817432,15.461408
worker_5,525,1788087150.055867,50,15.819321,15.486944
worker_5,526,1788087150.071732,50,15.733320,15.408864
worker_5,527,1788087150.087511,50,15.529662,15.407968
worker_5,528,1788087150.103063,50,15.297827,15.244672
worker_5,529,1788087150.118379,50,15.243132,15.192608
worker_5,530,1788087150.133639,50,15.212410,15.161856
worker_5,531,1788087150.148871,50,15.522838,15.263872
worker_5,532,1788087150.164441,50,15.856888,15.493728
worker_5,533,1788087150.180345,50,15.751608,15.420160
worker_5,534,1788087150.196144,50,15.478977,15.334368
worker_5,535,1788087150.211647,50,15.403994,15.345664
worker_5,536,1788087150.227087,50,15.339948,15.288384
worker_5,537,1788087150.242445,50,15.383800,15.324448
worker_5,538,1788087150.257856,50,15.344707,15.285440
worker_5,539,1788087150.273218,50,15.492634,15.225952
worker_5,540,1788087150.288758,50,15.523690,15.399936
worker_5,541,1788087150.304307,50,15.286012,15.233376
worker_5,542,1788087150.319611,50,15.326086,15.275424
worker_5,543,1788087150.334956,50,15.327206,15.276000
worker_5,544,1788087150.350303,50,15.723070,15.462656
worker_5,545,1788087150.366075,50,15.751673,15.421280
worker_5,546,1788087150.381875,50,15.645385,15.317568
worker_5,547,1788087150.397568,50,15.457059,15.334880
worker_5,548,1788087150.413051,50,15.337299,15.268512
worker_5,549,1788087150.428409,50,15.223197,15.175296
worker_5,550,1788087150.443650,50,15.535745,15.265536
worker_5,551,1788087150.459233,50,15.829887,15.490944
worker_5,552,1788087150.475111,50,15.795387,15.468256
worker_5,553,1788087150.490956,50,15.527432,15.405312
worker_5,554,1788087150.506511,50,15.358558,15.298976
worker_5,555,1788087150.521890,50,15.249169,15.200960
worker_5,556,1788087150.537169,50,15.432800,15.357312
worker_5,557,1788087150.552622,50,15.500801,15.230560
worker_5,558,1788087150.568174,50,15.690220,15.336320
worker_5,559,1788087150.583912,50,15.620903,15.288288
worker_5,560,1788087150.599584,50,15.514311,15.383392
worker_5,561,1788087150.615124,50,15.386938,15.327808
worker_5,562,1788087150.630533,50,15.415827,15.366816
worker_5,563,1788087150.645966,50,15.678636,15.403584
worker_5,564,1788087150.661693,50,15.867999,15.481120
worker_5,565,1788087150.677609,50,15.815517,15.472864
worker_5,566,1788087150.693472,50,15.716617,15.588768
worker_5,567,1788087150.709213,50,15.378225,15.322464
worker_5,568,1788087150.724611,50,15.364930,15.317152
worker_5,569,1788087150.739994,50,15.364467,15.311008
worker_5,570,1788087150.755378,50,15.568774,15.304320
worker_5,571,1788087150.770996,50,15.692081,15.357120
worker_5,572,1788087150.786735,50,15.460180,15.336800
worker_5,573,1788087150.802219,50,15.374689,15.321056
worker_5,574,1788087150.817616,50,15.245299,15.194848
worker_5,575,1788087150.832885,50,15.408170,15.212160
worker_5,576,1788087150.848310,50,15.328040,15.067808
worker_5,577,1788087150.863687,50,15.841868,15.503040
worker_5,578,1788087150.879577,50,15.693516,15.354272
worker_5,579,1788087150.895319,50,15.565717,15.439776
worker_5,580,1788087150.910912,50,15.331576,15.262816
worker_5,581,1788087150.926263,50,15.371318,15.323200
worker_5,582,1788087150.941650,50,15.331040,15.277696
worker_5,583,1788087150.957001,50,15.511088,15.236160
worker_5,584,1788087150.972560,50,15.804303,15.464000
worker_5,585,1788087150.988411,50,15.503050,15.367296
worker_5,586,1788087151.003950,50,15.459411,15.378304
worker_5,587,1788087151.019431,50,15.392938,15.339744
worker_5,588,1788087151.034842,50,15.293845,15.238272
worker_5,589,1788087151.050157,50,15.384734,15.327680
worker_5,590,1788087151.065563,50,15.443208,15.389344
worker_5,591,1788087151.081024,50,15.375271,15.273408
worker_5,592,1788087151.096450,50,15.480125,15.351616
worker_5,593,1788087151.111955,50,15.464430,15.410368
worker_5,594,1788087151.127523,50,15.433161,15.372480
worker_5,595,1788087151.142992,50,15.529810,15.470528
worker_5,596,1788087151.158543,50,15.639339,15.358208
worker_5,597,1788087151.174232,50,15.625996,15.294880
worker_5,598,1788087151.189904,50,15.455383,15.332352
worker_5,599,1788087151.205386,50,15.455079,15.396992
worker_5,600,1788087151.220860,50,15.210260,15.162208
worker_5,601,1788087151.236087,50,15.578848,15.316256
worker_5,602,1788087151.251713,50,15.749692,15.417888
worker_5,603,1788087151.267509,50,15.784145,15.451072
worker_5,604,1788087151.283340,50,15.522865,15.397792
worker_5,605,1788087151.298889,50,15.332085,15.278528
worker_5,606,1788087151.314240,50,15.345114,15.293184
worker_5,607,1788087151.329602,50,15.330531,15.278976
worker_5,608,1788087151.344951,50,15.606969,15.344896
worker_5,609,1788087151.360603,50,15.837777,15.508992
worker_5,610,1788087151.376488,50,15.540170,15.418272
worker_5,611,1788087151.392053,50,15.490763,15.431360
worker_5,612,1788087151.407562,50,15.328048,15.279616
worker_5,613,1788087151.422909,50,15.446847,15.392608
worker_5,614,1788087151.438386,50,15.631967,15.371136
worker_5,615,1788087151.454065,50,15.891045,15.559840
worker_5,616,1788087151.470003,50,15.703506,15.362176
worker_5,617,1788087151.485754,50,15.584023,15.462592
worker_5,618,1788087151.501366,50,15.525310,15.465856
worker_5,619,1788087151.516909,50,15.326058,15.275520
worker_5,620,1788087151.532252,50,15.312909,15.255008
worker_5,621,1788087151.547586,50,15.559144,15.286400
worker_5,622,1788087151.563194,50,15.727089,15.387520
worker_5,623,1788087151.578971,50,15.763599,15.430784
worker_5,624,1788087151.594781,50,15.676727,15.549664
worker_5,625,1788087151.610483,50,15.373400,15.313472
worker_5,626,1788087151.625878,50,15.454744,15.397408
worker_5,627,1788087151.641356,50,15.394893,15.327360
worker_5,628,1788087151.656770,50,15.680941,15.404032
worker_5,629,1788087151.672498,50,16.002009,15.654624
worker_5,630,1788087151.688549,50,15.626681,15.495456
worker_5,631,1788087151.704201,50,15.385772,15.317888
worker_5,632,1788087151.719606,50,15.302679,15.251872
worker_5,633,1788087151.734926,50,15.523088,15.471648
worker_5,634,1788087151.750484,50,15.586163,15.301504
worker_5,635,1788087151.766119,50,15.526727,15.395360
worker_5,636,1788087151.781673,50,15.671719,15.386432
worker_5,637,1788087151.797393,50,15.598126,15.467552
worker_5,638,1788087151.813015,50,15.514523,15.456800
worker_5,639,1788087151.828549,50,15.541024,15.263424
worker_5,640,1788087151.844138,50,15.755600,15.327552
worker_5,641,1788087151.859940,50,15.710885,15.376672
worker_5,642,1788087151.875700,50,15.577838,15.450048
worker_5,643,1788087151.891303,50,15.329115,15.272448
worker_5,644,1788087151.906652,50,15.298799,15.249088
worker_5,645,1788087151.921969,50,15.412605,15.363648
worker_5,646,1788087151.937400,50,15.621719,15.362624
worker_5,647,1788087151.953069,50,15.766313,15.423904
worker_5,648,1788087151.968884,50,15.743025,15.404000
worker_5,649,1788087151.984676,50,15.476865,15.298112
worker_5,650,1788087152.000200,50,15.522634,15.382464
worker_5,651,1788087152.015749,50,15.335835,15.274976
worker_5,652,1788087152.031104,50,15.717618,15.442720
worker_5,653,1788087152.046891,50,15.774860,15.443520
worker_5,654,1788087152.062711,50,15.866359,15.528384
worker_5,655,1788087152.078624,50,15.788822,15.451872
worker_5,656,1788087152.094460,50,15.462042,15.338752
worker_5,657,1788087152.109948,50,15.334504,15.277632
worker_5,658,1788087152.125303,50,15.666320,15.391488
worker_5,659,1788087152.141018,50,15.606569,15.262912
worker_5,660,1788087152.156672,50,15.722978,15.389504
worker_5,661,1788087152.172442,50,15.485448,15.363040
worker_5,662,1788087152.187956,50,15.286159,15.228384
worker_5,663,1788087152.203262,50,15.385854,15.338272
worker_5,664,1788087152.218665,50,15.355763,15.309088
worker_5,665,1788087152.234037,50,15.443735,15.392832
worker_5,666,1788087152.249499,50,15.579431,15.313408
worker_5,667,1788087152.265126,50,15.649052,15.315584
worker_5,668,1788087152.280822,50,15.729422,15.401504
worker_5,669,1788087152.296599,50,15.624097,15.488832
worker_5,670,1788087152.312252,50,15.601005,15.542400
worker_5,671,1788087152.327873,50,15.544041,15.280384
worker_5,672,1788087152.343465,50,15.683042,15.341600
worker_5,673,1788087152.359216,50,15.698421,15.362688
worker_5,674,1788087152.374962,50,15.769812,15.432096
worker_5,675,1788087152.390779,50,15.680414,15.539040
worker_5,676,1788087152.406485,50,15.320272,15.261984
worker_5,677,1788087152.421824,50,15.351032,15.301440
worker_5,678,1788087152.437193,50,15.478689,15.213632
worker_5,679,1788087152.452720,50,15.774618,15.435520
worker_5,680,1788087152.468544,50,15.683849,15.325920
worker_5,681,1788087152.484276,50,15.604200,15.420800
worker_5,682,1788087152.499929,50,15.477309,15.352864
worker_5,683,1788087152.515432,50,15.427272,15.371168
worker_5,684,1788087152.530882,50,15.640080,15.359648
worker_5,685,1788087152.546572,50,15.725626,15.392704
worker_5,686,1788087152.562346,50,15.618357,15.281888
worker_5,687,1788087152.578011,50,15.764423,15.425440
worker_5,688,1788087152.593823,50,15.595727,15.476128
worker_5,689,1788087152.609444,50,15.331077,15.278304
worker_5,690,1788087152.624795,50,15.410255,15.138048
worker_5,691,1788087152.640274,50,15.675460,15.330368
worker_5,692,1788087152.655996,50,15.738136,15.404064
worker_5,693,1788087152.671781,50,15.632135,15.300000
worker_5,694,1788087152.687476,50,15.455818,15.327424
worker_5,695,1788087152.702958,50,15.486179,15.430496
worker_5,696,1788087152.718463,50,15.444161,15.394624
worker_5,697,1788087152.733924,50,15.455625,15.183040
worker_5,698,1788087152.749429,50,15.719840,15.388064
worker_5,699,1788087152.765196,50,15.491911,15.316928
worker_5,700,1788087152.780734,50,15.605885,15.487968
worker_5,701,1788087152.796371,50,15.290382,15.230016
worker_5,702,1788087152.811685,50,15.383827,15.328608
worker_5,703,1788087152.827090,50,15.516078,15.287936
worker_5,704,1788087152.842635,50,15.572855,15.254528
worker_5,705,1788087152.858256,50,15.433309,15.307968
worker_5,706,1788087152.873715,50,15.184594,15.121472
worker_5,707,1788087152.888919,50,15.258067,15.189024
worker_5,708,1788087152.904196,50,15.380170,15.323104
worker_5,709,1788087152.919594,50,15.372874,15.326368
worker_5,710,1788087152.934984,50,15.518717,15.251520
worker_5,711,1788087152.950551,50,15.762552,15.415104
worker_5,712,1788087152.966363,50,15.656413,15.308480
worker_5,713,1788087152.982066,50,15.707339,15.362496
worker_5,714,1788087152.997838,50,15.495022,15.369568
worker_5,715,1788087153.013360,50,15.387319,15.327200
worker_5,716,1788087153.028767,50,15.524467,15.246560
worker_5,717,1788087153.044341,50,15.682006,15.160640
worker_5,718,1788087153.060072,50,15.737738,15.257760
worker_5,719,1788087153.075858,50,15.833581,15.325504
worker_5,720,1788087153.091739,50,15.530134,15.260128
worker_5,721,1788087153.107295,50,15.354920,15.136224
worker_5,722,1788087153.122670,50,15.249456,15.200128
worker_5,723,1788087153.137939,50,15.510504,15.221376
worker_5,724,1788087153.153497,50,15.656821,15.324032
worker_5,725,1788087153.169199,50,15.622774,15.288192
worker_5,726,1788087153.184868,50,15.682396,15.329728
worker_5,727,1788087153.200598,50,15.509291,15.381216
worker_5,728,1788087153.216133,50,15.476300,15.417344
worker_5,729,1788087153.231627,50,15.577421,15.306912
worker_5,730,1788087153.247252,50,15.690617,15.360320
worker_5,731,1788087153.262990,50,15.636106,15.299104
worker_5,732,1788087153.278676,50,15.553023,15.430560
worker_5,733,1788087153.294265,50,15.345734,15.292928
worker_5,734,1788087153.309631,50,15.253457,15.178016
worker_5,735,1788087153.324902,50,15.224975,15.011200
worker_5,736,1788087153.340144,50,15.446995,15.007168
worker_5,737,1788087153.355639,50,15.455264,15.102400
worker_5,738,1788087153.371142,50,15.518820,15.147136
worker_5,739,1788087153.386706,50,15.487670,15.293344
worker_5,740,1788087153.402242,50,15.464281,15.343840
worker_5,741,1788087153.417733,50,15.493329,15.433024
worker_5,742,1788087153.433328,50,15.775323,15.338528
worker_5,743,1788087153.449151,50,15.601932,15.261408
worker_5,744,1788087153.464801,50,15.613422,15.284160
worker_5,745,1788087153.480462,50,15.788988,15.444480
worker_5,746,1788087153.496298,50,15.476392,15.351424
worker_5,747,1788087153.511799,50,15.395151,15.340896
worker_5,748,1788087153.527214,50,15.484364,15.223296
worker_5,749,1788087153.542746,50,15.787737,15.461568
worker_5,750,1788087153.558581,50,15.720599,15.389312
worker_5,751,1788087153.574347,50,15.721163,15.394592
worker_5,752,1788087153.590115,50,15.529412,15.383648
worker_5,753,1788087153.605689,50,15.590365,15.495040
worker_5,754,1788087153.621310,50,15.526912,15.263392
worker_5,755,1788087153.636873,50,15.455865,15.169184
worker_5,756,1788087153.652370,50,15.535458,15.226784
worker_5,757,1788087153.667954,50,15.420142,15.272512
worker_5,758,1788087153.683416,50,15.578329,15.473120
worker_5,759,1788087153.699029,50,15.495032,15.393248
worker_5,760,1788087153.714557,50,15.558866,15.455424
worker_5,761,1788087153.730150,50,15.631283,15.529632
worker_5,762,1788087153.745819,50,15.555421,15.274976
worker_5,763,1788087153.761416,50,15.280854,15.129312
worker_5,764,1788087153.776744,50,15.646441,15.506016
worker_5,765,1788087153.792425,50,15.416023,15.322720
worker_5,766,1788087153.807873,50,15.458661,15.353024
worker_5,767,1788087153.823371,50,15.527180,15.413088
worker_5,768,1788087153.838935,50,15.655644,15.384448
worker_5,769,1788087153.854632,50,15.753979,15.287040
worker_5,770,1788087153.870433,50,15.836489,15.384320
worker_5,771,1788087153.886314,50,15.688803,15.372352
worker_5,772,1788087153.902050,50,15.443958,15.347936
worker_5,773,1788087153.917530,50,15.536200,15.428224
worker_5,774,1788087153.933104,50,15.522940,15.239936
worker_5,775,1788087153.948670,50,15.576587,15.228128
worker_5,776,1788087153.964288,50,15.579079,15.278400
worker_5,777,1788087153.979911,50,15.430513,15.297504
worker_5,778,1788087153.995381,50,15.449059,15.349920
worker_5,779,1788087154.010864,50,15.462837,15.367936
worker_5,780,1788087154.026359,50,15.352900,15.263904
worker_5,781,1788087154.041746,50,15.483078,15.183200
worker_5,782,1788087154.057280,50,15.594228,15.256800
worker_5,783,1788087154.072922,50,15.487634,15.156736
worker_5,784,1788087154.088449,50,15.467385,15.346400
worker_5,785,1788087154.103951,50,15.326263,15.229376
worker_5,786,1788087154.119310,50,15.591403,15.318656
worker_5,787,1788087154.134946,50,15.386272,15.245024
worker_5,788,1788087154.150370,50,15.381262,15.286464
worker_5,789,1788087154.165786,50,15.574059,15.253344
worker_5,790,1788087154.181408,50,15.702412,15.382592
worker_5,791,1788087154.197151,50,15.664477,15.195264
worker_5,792,1788087154.212869,50,15.727062,15.438336
worker_5,793,1788087154.228637,50,15.641987,15.333792
worker_5,794,1788087154.244325,50,15.552912,15.256768
worker_5,795,1788087154.259919,50,15.487902,15.156960
worker_5,796,1788087154.275455,50,15.491189,15.163456
worker_5,797,1788087154.290988,50,15.566022,15.263936
worker_5,798,1788087154.306596,50,15.655801,15.360928
worker_5,799,1788087154.322293,50,15.548662,15.230304
worker_5,800,1788087154.337886,50,15.702505,15.398208
worker_5,801,1788087154.353631,50,15.493837,15.203456
worker_5,802,1788087154.369167,50,15.622959,15.334784
worker_5,803,1788087154.384832,50,15.535264,15.227872
worker_5,804,1788087154.400408,50,15.418374,15.303200
worker_5,805,1788087154.415863,50,15.563986,15.294144
worker_5,806,1788087154.431470,50,15.379540,15.259776
worker_5,807,1788087154.446884,50,15.546134,15.277248
worker_5,808,1788087154.462472,50,15.363883,15.244448
worker_5,809,1788087154.477874,50,15.563921,15.281024
worker_5,810,1788087154.493479,50,15.624663,15.324160
worker_5,811,1788087154.509155,50,15.583515,15.286176
worker_5,812,1788087154.524777,50,15.583904,15.433024
worker_5,813,1788087154.540403,50,15.668776,15.371584
worker_5,814,1788087154.556112,50,15.692127,15.382016
worker_5,815,1788087154.571848,50,15.381327,15.262528
worker_5,816,1788087154.587268,50,15.421457,15.324192
worker_5,817,1788087154.602723,50,15.315586,15.225120
worker_5,818,1788087154.618073,50,15.490856,15.212672
worker_5,819,1788087154.633604,50,15.513024,15.172800
worker_5,820,1788087154.649165,50,15.312410,15.144992
worker_5,821,1788087154.664526,50,15.328372,15.203200
worker_5,822,1788087154.679889,50,15.349133,15.253152
worker_5,823,1788087154.695271,50,15.411153,15.305568
worker_5,824,1788087154.710713,50,15.408300,15.312672
worker_5,825,1788087154.726158,50,15.610580,15.314496
worker_5,826,1788087154.741816,50,15.610626,15.273440
worker_5,827,1788087154.757474,50,15.401856,15.258016
worker_5,828,1788087154.772910,50,15.463393,15.367360
worker_5,829,1788087154.788410,50,15.432235,15.331136
worker_5,830,1788087154.803877,50,15.457699,15.352032
worker_5,831,1788087154.819384,50,15.447116,15.158816
worker_5,832,1788087154.834871,50,15.599459,15.274368
worker_5,833,1788087154.850519,50,15.714691,15.367712
worker_5,834,1788087154.866283,50,15.435522,15.287744
worker_5,835,1788087154.881758,50,15.431523,15.316640
worker_5,836,1788087154.897223,50,15.330770,15.238112
worker_5,837,1788087154.912586,50,15.260594,15.159360
worker_5,838,1788087154.927880,50,15.617524,15.315296
worker_5,839,1788087154.943548,50,15.657412,15.302688
worker_5,840,1788087154.959255,50,15.606200,15.288448
worker_5,841,1788087154.974903,50,15.706506,15.410080
worker_5,842,1788087154.990652,50,15.455958,15.334976
worker_5,843,1788087155.006142,50,15.740311,15.390016
worker_5,844,1788087155.021926,50,15.246946,15.095168
worker_5,845,1788087155.037221,50,15.643246,15.310816
worker_5,846,1788087155.052912,50,15.930981,15.599392
worker_5,847,1788087155.068890,50,15.833275,15.497760
worker_5,848,1788087155.084769,50,15.757024,15.415648
worker_5,849,1788087155.100573,50,15.810479,15.466720
worker_5,850,1788087155.116449,50,15.737441,15.400960
worker_5,851,1788087155.132249,50,15.681886,15.334816
worker_5,852,1788087155.147979,50,15.566552,15.386080
worker_5,853,1788087155.163593,50,15.694377,15.366880
worker_5,854,1788087155.179337,50,15.449347,15.326656
worker_5,855,1788087155.194811,50,15.584126,15.319680
worker_5,856,1788087155.210444,50,15.715099,15.367072
worker_5,857,1788087155.226208,50,15.679544,15.324736
worker_5,858,1788087155.241937,50,15.688923,15.357408
worker_5,859,1788087155.257676,50,15.685849,15.366016
worker_5,860,1788087155.273411,50,15.537486,15.396128
worker_5,861,1788087155.288987,50,15.508653,15.421504
worker_5,862,1788087155.304520,50,15.622802,15.347552
worker_5,863,1788087155.320193,50,15.507607,15.359520
worker_5,864,1788087155.335726,50,15.477614,15.186720
worker_5,865,1788087155.351254,50,15.530301,15.402176
worker_5,866,1788087155.366811,50,15.486587,15.210304
worker_5,867,1788087155.382346,50,15.755395,15.420320
worker_5,868,1788087155.398150,50,15.568682,15.395712
worker_5,869,1788087155.413758,50,15.481496,15.376288
worker_5,870,1788087155.429285,50,15.579635,15.310272
worker_5,871,1788087155.444912,50,15.939211,15.611104
worker_5,872,1788087155.460898,50,15.708996,15.563744
worker_5,873,1788087155.476632,50,15.850397,15.416032
worker_5,874,1788087155.492530,50,15.617098,15.316000
worker_5,875,1788087155.508174,50,15.613773,15.165792
worker_5,876,1788087155.523836,50,15.572948,15.282112
worker_5,877,1788087155.539435,50,15.331716,15.211104
worker_5,878,1788087155.554816,50,15.548606,15.423808
worker_5,879,1788087155.570389,50,15.475207,15.414656
worker_5,880,1788087155.585883,50,15.401272,15.352512
worker_5,881,1788087155.601301,50,15.403188,15.358368
worker_5,882,1788087155.616721,50,15.241612,15.194944
worker_5,883,1788087155.631979,50,15.507032,15.230080
worker_5,884,1788087155.647537,50,15.753913,15.406688
worker_5,885,1788087155.663339,50,15.707246,15.367712
worker_5,886,1788087155.679096,50,15.693311,15.350912
worker_5,887,1788087155.694838,50,15.824220,15.490656
worker_5,888,1788087155.710709,50,15.721237,15.387008
worker_5,889,1788087155.726491,50,15.709228,15.373888
worker_5,890,1788087155.742328,50,15.841526,15.513952
worker_5,891,1788087155.758219,50,15.843443,15.518208
worker_5,892,1788087155.774109,50,15.888777,15.561600
worker_5,893,1788087155.790045,50,15.718535,15.541184
worker_5,894,1788087155.805812,50,15.859647,15.528896
worker_5,895,1788087155.821720,50,15.733877,15.394464
worker_5,896,1788087155.837501,50,15.785173,15.278752
worker_5,897,1788087155.853336,50,15.693209,15.208256
worker_5,898,1788087155.869077,50,15.767349,15.237984
worker_5,899,1788087155.884894,50,15.633979,15.456576
worker_5,900,1788087155.900576,50,15.542245,15.424544
worker_5,901,1788087155.916144,50,15.499977,15.385088
worker_5,902,1788087155.931695,50,15.581312,15.457760
worker_5,903,1788087155.947301,50,15.532736,15.270240
worker_5,904,1788087155.962881,50,15.767886,15.434112
worker_5,905,1788087155.978697,50,15.830573,15.504320
worker_5,906,1788087155.994576,50,15.726849,15.398880
worker_5,907,1788087156.010351,50,15.757136,15.433504
worker_5,908,1788087156.026155,50,15.787756,15.459648
worker_5,909,1788087156.042005,50,15.659913,15.535232
worker_5,910,1788087156.057692,50,15.367281,15.314400
worker_5,911,1788087156.073080,50,15.400596,15.332192
worker_5,912,1788087156.088497,50,15.350781,15.303360
worker_5,913,1788087156.103865,50,15.309096,15.245504
worker_5,914,1788087156.119205,50,15.711340,15.416896
worker_5,915,1788087156.134968,50,15.688294,15.547936
worker_5,916,1788087156.150688,50,15.454847,15.389280
worker_5,917,1788087156.166166,50,15.436217,15.361632
worker_5,918,1788087156.181639,50,15.511023,15.422112
worker_5,919,1788087156.197179,50,15.595237,15.521216
worker_5,920,1788087156.212795,50,15.503662,15.447136
worker_5,921,1788087156.228317,50,15.429531,15.378688
worker_5,922,1788087156.243765,50,15.565801,15.518688
worker_5,923,1788087156.259348,50,15.598302,15.549824
worker_5,924,1788087156.274962,50,15.451643,15.407648
worker_5,925,1788087156.290430,50,15.426734,15.380992
worker_5,926,1788087156.305873,50,15.595587,15.324896
worker_5,927,1788087156.321520,50,15.711404,15.524544
worker_5,928,1788087156.337294,50,15.588032,15.454656
worker_5,929,1788087156.352907,50,15.385614,15.326528
worker_5,930,1788087156.368313,50,15.283344,15.228640
worker_5,931,1788087156.383614,50,15.287910,15.242880
worker_5,932,1788087156.398919,50,15.344372,15.293408
worker_5,933,1788087156.414282,50,15.654931,15.391328
worker_5,934,1788087156.429986,50,15.724265,15.388896
worker_5,935,1788087156.445760,50,15.685838,15.349632
worker_5,936,1788087156.461493,50,15.399013,15.275904
worker_5,937,1788087156.476915,50,15.497393,15.440864
worker_5,938,1788087156.492430,50,15.324151,15.276384
worker_5,939,1788087156.507770,50,15.620413,15.359488
worker_5,940,1788087156.523439,50,15.676173,15.341760
worker_5,941,1788087156.539163,50,15.603237,15.425760
worker_5,942,1788087156.554816,50,15.642969,15.516960
worker_5,943,1788087156.570485,50,15.467922,15.409856
worker_5,944,1788087156.585971,50,15.534134,15.482720
worker_5,945,1788087156.601521,50,15.423819,15.365312
worker_5,946,1788087156.616967,50,15.581783,15.288128
worker_5,947,1788087156.632599,50,15.743590,15.401632
worker_5,948,1788087156.648406,50,15.740804,15.410752
worker_5,949,1788087156.664193,50,15.568940,15.428736
worker_5,950,1788087156.679786,50,15.414661,15.359552
worker_5,951,1788087156.695221,50,15.277521,15.227616
worker_5,952,1788087156.710517,50,15.545745,15.285440
worker_5,953,1788087156.726114,50,15.653553,15.315264
worker_5,954,1788087156.741817,50,15.728719,15.392448
worker_5,955,1788087156.757594,50,15.467848,15.345952
worker_5,956,1788087156.773086,50,15.297447,15.243328
worker_5,957,1788087156.788402,50,15.327115,15.275360
worker_5,958,1788087156.803746,50,15.466262,15.206368
worker_5,959,1788087156.819262,50,15.782015,15.450720
worker_5,960,1788087156.835091,50,15.799488,15.470176
worker_5,961,1788087156.850938,50,15.655312,15.313472
worker_5,962,1788087156.866640,50,15.504615,15.365760
worker_5,963,1788087156.882169,50,15.473291,15.419488
worker_5,964,1788087156.897661,50,15.441124,15.394880
worker_5,965,1788087156.913118,50,15.498041,15.226624
worker_5,966,1788087156.928668,50,15.641273,15.307136
worker_5,967,1788087156.944371,50,15.640079,15.307776
worker_5,968,1788087156.960060,50,15.689496,15.351104
worker_5,969,1788087156.975798,50,15.676746,15.346080
worker_5,970,1788087156.991522,50,15.793506,15.461184
worker_5,971,1788087157.007362,50,15.480745,15.288736
worker_5,972,1788087157.022890,50,15.795516,15.480544
worker_5,973,1788087157.038735,50,15.572320,15.401536
worker_5,974,1788087157.054355,50,15.816702,15.490080
worker_5,975,1788087157.070219,50,15.637052,15.471072
worker_5,976,1788087157.085902,50,15.725107,15.570496
worker_5,977,1788087157.101675,50,15.548199,15.413600
worker_5,978,1788087157.117257,50,15.409531,15.255808
worker_5,979,1788087157.132715,50,15.376309,15.222080
worker_5,980,1788087157.148137,50,15.486931,15.328832
worker_5,981,1788087157.163672,50,15.471820,15.336480
worker_5,982,1788087157.179181,50,15.517801,15.416288
worker_5,983,1788087157.194736,50,15.425115,15.322464
worker_5,984,1788087157.210196,50,15.643312,15.366912
worker_5,985,1788087157.225881,50,15.700127,15.397760
worker_5,986,1788087157.241628,50,15.766045,15.437152
worker_5,987,1788087157.257455,50,15.548347,15.374560
worker_5,988,1788087157.273051,50,15.461209,15.333152
worker_5,989,1788087157.288548,50,15.469088,15.365600
worker_5,990,1788087157.304053,50,15.330744,15.230240
worker_5,991,1788087157.319416,50,15.425448,15.328160
worker_5,992,1788087157.334875,50,15.514375,15.415424
worker_5,993,1788087157.350424,50,15.403615,15.305408
worker_5,994,1788087157.365862,50,15.405115,15.282272
worker_5,995,1788087157.381297,50,15.684515,15.201344
worker_5,996,1788087157.397027,50,15.564486,15.348928
worker_5,997,1788087157.412636,50,15.428429,15.238144
worker_5,998,1788087157.428114,50,15.523339,15.332640
worker_5,999,1788087157.443686,50,15.634330,15.357312
worker_5,1000,1788087157.459369,50,15.580421,15.264384
worker_5,1001,1788087157.474993,50,15.616042,15.343616
worker_5,1002,1788087157.490656,50,15.704442,15.348096
worker_5,1003,1788087157.506407,50,15.527783,15.371584
worker_5,1004,1788087157.521982,50,15.537014,15.403008
worker_5,1005,1788087157.537555,50,15.444013,15.321984
worker_5,1006,1788087157.553060,50,15.573458,15.439328
worker_5,1007,1788087157.568671,50,15.395457,15.302592
worker_5,1008,1788087157.584097,50,15.435356,15.348096
worker_5,1009,1788087157.599563,50,15.394022,15.302272
worker_5,1010,1788087157.614990,50,15.477514,15.367584
worker_5,1011,1788087157.630500,50,15.492227,15.283168
worker_5,1012,1788087157.646035,50,15.507310,15.371424
worker_5,1013,1788087157.661579,50,15.549671,15.272192
worker_5,1014,1788087157.677173,50,15.676690,15.340032
worker_5,1015,1788087157.692895,50,15.481355,15.350688
worker_5,1016,1788087157.708413,50,15.548818,15.414816
worker_5,1017,1788087157.724010,50,15.592069,15.438048
worker_5,1018,1788087157.739649,50,15.554875,15.416704
worker_5,1019,1788087157.755238,50,15.531939,15.431040
worker_5,1020,1788087157.770805,50,15.729783,15.439040
worker_5,1021,1788087157.786584,50,15.539050,15.388768
worker_5,1022,1788087157.802166,50,15.444060,15.317792
worker_5,1023,1788087157.817672,50,15.397262,15.264672
worker_5,1024,1788087157.833108,50,15.489634,15.387360
worker_5,1025,1788087157.848636,50,15.503893,15.383232
worker_5,1026,1788087157.864208,50,15.521226,15.340992
worker_5,1027,1788087157.879777,50,15.500588,15.357088
worker_5,1028,1788087157.895313,50,15.388448,15.175680
worker_5,1029,1788087157.910753,50,15.341596,15.179872
worker_5,1030,1788087157.926140,50,15.388587,15.266464
worker_5,1031,1788087157.941572,50,15.425800,15.334944
worker_5,1032,1788087157.957030,50,15.330522,15.266240
worker_5,1033,1788087157.972383,50,15.351939,15.298016
worker_5,1034,1788087157.987752,50,15.306595,15.248960
worker_5,1035,1788087158.003082,50,15.355652,15.289920
worker_5,1036,1788087158.018462,50,15.335225,15.255904
worker_5,1037,1788087158.033827,50,15.559812,15.476640
worker_5,1038,1788087158.049505,50,15.544810,15.464768
worker_5,1039,1788087158.065074,50,15.346773,15.285696
worker_5,1040,1788087158.080446,50,15.460606,15.364736
worker_5,1041,1788087158.095945,50,15.553060,15.455776
worker_5,1042,1788087158.111529,50,15.298902,15.229600
worker_5,1043,1788087158.126851,50,15.330031,15.268256
worker_5,1044,1788087158.142204,50,15.403077,15.337824
worker_5,1045,1788087158.157644,50,15.188577,15.130400
worker_5,1046,1788087158.172853,50,15.404615,15.200576
worker_5,1047,1788087158.188283,50,15.476949,15.265856
worker_5,1048,1788087158.203782,50,15.475356,15.263200
worker_5,1049,1788087158.219278,50,15.211086,14.988576
worker_5,1050,1788087158.234517,50,15.356578,15.119168
worker_5,1051,1788087158.249901,50,15.276327,15.043584
worker_5,1052,1788087158.265212,50,15.372225,15.285984
worker_5,1053,1788087158.280609,50,15.389410,15.186336
worker_5,1054,1788087158.296023,50,15.286465,15.224736
worker_5,1055,1788087158.311330,50,15.368688,15.315360
worker_5,1056,1788087158.326717,50,15.348374,15.288160
worker_5,1057,1788087158.342089,50,15.379225,15.314976
worker_5,1058,1788087158.357490,50,15.215974,15.139424
worker_5,1059,1788087158.372741,50,15.266344,15.185120
worker_5,1060,1788087158.388032,50,15.381465,15.319424
worker_5,1061,1788087158.403445,50,15.404244,15.333504
worker_5,1062,1788087158.418874,50,15.337864,15.280096
worker_5,1063,1788087158.434235,50,15.488597,15.407712
worker_5,1064,1788087158.449756,50,15.440060,15.362176
worker_5,1065,1788087158.465235,50,15.318678,15.258304
worker_5,1066,1788087158.480577,50,15.260891,15.204064
worker_5,1067,1788087158.495860,50,15.404235,15.337056
worker_5,1068,1788087158.511285,50,15.454560,15.405152
worker_5,1069,1788087158.526760,50,15.277540,15.217120
worker_5,1070,1788087158.542065,50,15.439653,15.372224
worker_5,1071,1788087158.557526,50,15.328086,15.253696
worker_5,1072,1788087158.572888,50,15.420689,15.331968
worker_5,1073,1788087158.588330,50,15.597450,15.540096
worker_5,1074,1788087158.603947,50,15.662247,15.583456
worker_5,1075,1788087158.619632,50,15.383494,15.312544
worker_5,1076,1788087158.635043,50,15.471958,15.401920
worker_5,1077,1788087158.650536,50,15.401143,15.345632
worker_5,1078,1788087158.665960,50,15.362892,15.301824
worker_5,1079,1788087158.681344,50,15.447828,15.375232
worker_5,1080,1788087158.696827,50,15.406318,15.304128
worker_5,1081,1788087158.712265,50,15.381152,15.316864
worker_5,1082,1788087158.727667,50,15.338578,15.274336
worker_5,1083,1788087158.743035,50,15.385818,15.312384
worker_5,1084,1788087158.758465,50,15.423068,15.363776
worker_5,1085,1788087158.773908,50,15.302660,15.250816
worker_5,1086,1788087158.789229,50,15.336901,15.280320
worker_5,1087,1788087158.804587,50,15.328763,15.254400
worker_5,1088,1788087158.819952,50,15.480486,15.391968
worker_5,1089,1788087158.835459,50,15.506524,15.293216
worker_5,1090,1788087158.850999,50,15.467949,15.246496
worker_5,1091,1788087158.866488,50,15.591848,15.386016
worker_5,1092,1788087158.882102,50,15.278382,15.225664
worker_5,1093,1788087158.897398,50,15.345254,15.293856
worker_5,1094,1788087158.912762,50,15.312382,15.264096
worker_5,1095,1788087158.928095,50,15.466430,15.399360
worker_5,1096,1788087158.943601,50,15.434838,15.358720
worker_5,1097,1788087158.959058,50,15.399439,15.342912
worker_5,1098,1788087158.974477,50,15.447652,15.391520
worker_5,1099,1788087158.989943,50,15.245789,15.195200
worker_5,1100,1788087159.005207,50,15.375336,15.326720
worker_5,1101,1788087159.020601,50,15.506754,15.429120
worker_5,1102,1788087159.036132,50,15.601108,15.541216
worker_5,1103,1788087159.051753,50,15.281548,15.233280
worker_5,1104,1788087159.067061,50,15.362493,15.310816
worker_5,1105,1788087159.082445,50,15.458227,15.410176
worker_5,1106,1788087159.097922,50,15.179352,15.113760
worker_5,1107,1788087159.113123,50,15.404253,15.349664
worker_5,1108,1788087159.128547,50,15.529744,15.471264
worker_5,1109,1788087159.144100,50,15.657275,15.593760
worker_5,1110,1788087159.159778,50,15.354799,15.299392
worker_5,1111,1788087159.175152,50,15.254150,15.202016
worker_5,1112,1788087159.190423,50,15.165816,15.114656
worker_5,1113,1788087159.205608,50,15.374549,15.294784
worker_5,1114,1788087159.221021,50,15.732432,15.480928
worker_5,1115,1788087159.236782,50,15.495198,15.263488
worker_5,1116,1788087159.252299,50,15.264354,15.185888
worker_5,1117,1788087159.267581,50,15.308754,15.104384
worker_5,1118,1788087159.282909,50,15.444393,15.236192
worker_5,1119,1788087159.298370,50,15.209770,15.140224
worker_5,1120,1788087159.313603,50,15.495394,15.435552
worker_5,1121,1788087159.329118,50,15.431643,15.376096
worker_5,1122,1788087159.344582,50,15.330938,15.269728
worker_5,1123,1788087159.359943,50,15.358476,15.301888
worker_5,1124,1788087159.375324,50,15.319485,15.272448
worker_5,1125,1788087159.390661,50,15.350400,15.301120
worker_5,1126,1788087159.406031,50,15.392032,15.338208
worker_5,1127,1788087159.421443,50,15.323475,15.266912
worker_5,1128,1788087159.436790,50,15.444818,15.375040
worker_5,1129,1788087159.452258,50,15.365976,15.313536
worker_5,1130,1788087159.467644,50,15.284077,15.234016
worker_5,1131,1788087159.482948,50,15.255076,15.208800
worker_5,1132,1788087159.498230,50,15.297568,15.243648
worker_5,1133,1788087159.513551,50,15.565477,15.506656
worker_5,1134,1788087159.529135,50,15.364309,15.304640
worker_5,1135,1788087159.544527,50,15.403422,15.335488
worker_5,1136,1788087159.559952,50,15.448651,15.394816
worker_5,1137,1788087159.575420,50,15.430726,15.360064
worker_5,1138,1788087159.590869,50,15.345791,15.292640
worker_5,1139,1788087159.606235,50,15.398929,15.346880
worker_5,1140,1788087159.621654,50,15.393856,15.335744
worker_5,1141,1788087159.637074,50,15.432920,15.348256
worker_5,1142,1788087159.652527,50,15.409791,15.355904
worker_5,1143,1788087159.667966,50,15.248474,15.194304
worker_5,1144,1788087159.683234,50,15.318382,15.268512
worker_5,1145,1788087159.698570,50,15.296752,15.242176
worker_5,1146,1788087159.713891,50,15.311484,15.256768
worker_5,1147,1788087159.729222,50,15.338170,15.281120
worker_5,1148,1788087159.744583,50,15.481587,15.417216
worker_5,1149,1788087159.760086,50,15.406466,15.349952
worker_5,1150,1788087159.775512,50,15.321244,15.269504
worker_5,1151,1788087159.790851,50,15.303206,15.251200
worker_5,1152,1788087159.806173,50,15.459189,15.404992
worker_5,1153,1788087159.821653,50,15.406873,15.350016
worker_5,1154,1788087159.837082,50,15.460725,15.245888
worker_5,1155,1788087159.852565,50,15.498551,15.280320
worker_5,1156,1788087159.868080,50,15.251021,15.142080
worker_5,1157,1788087159.883349,50,15.357882,15.157952
worker_5,1158,1788087159.898725,50,15.417531,15.212576
worker_5,1159,1788087159.914165,50,15.400143,15.343584
worker_5,1160,1788087159.929583,50,15.455828,15.401760
worker_5,1161,1788087159.945062,50,15.440310,15.376384
worker_5,1162,1788087159.960535,50,15.287595,15.220480
worker_5,1163,1788087159.975841,50,15.278374,15.227072
worker_5,1164,1788087159.991137,50,15.421911,15.371200
worker_5,1165,1788087160.006578,50,15.400208,15.346656
worker_5,1166,1788087160.021997,50,15.452801,15.396896
worker_5,1167,1788087160.037469,50,15.402115,15.347328
worker_5,1168,1788087160.052898,50,15.326642,15.272896
worker_5,1169,1788087160.068242,50,15.251938,15.201344
worker_5,1170,1788087160.083513,50,15.266752,15.216672
worker_5,1171,1788087160.098798,50,15.394800,15.339264
worker_5,1172,1788087160.114213,50,15.395588,15.340000
worker_5,1173,1788087160.129626,50,15.437661,15.380544
worker_5,1174,1788087160.145087,50,15.448624,15.383072
worker_5,1175,1788087160.160556,50,15.492995,15.439008
worker_5,1176,1788087160.176068,50,15.342726,15.289984
worker_5,1177,1788087160.191429,50,15.317178,15.265824
worker_5,1178,1788087160.206767,50,15.308086,15.253056
worker_5,1179,1788087160.222094,50,15.414281,15.355552
worker_5,1180,1788087160.237530,50,15.393208,15.331040
worker_5,1181,1788087160.252944,50,15.365439,15.310720
worker_5,1182,1788087160.268338,50,15.308586,15.255264
worker_5,1183,1788087160.283669,50,15.287967,15.233408
worker_5,1184,1788087160.299058,50,15.277298,15.218624
worker_5,1185,1788087160.314359,50,15.401225,15.334464
worker_5,1186,1788087160.329780,50,15.480237,15.426080
worker_5,1187,1788087160.345285,50,15.522801,15.460736
worker_5,1188,1788087160.360833,50,15.325928,15.267424
worker_5,1189,1788087160.376178,50,15.361290,15.312288
worker_5,1190,1788087160.391557,50,15.424782,15.372416
worker_5,1191,1788087160.407006,50,15.509624,15.455232
worker_5,1192,1788087160.422537,50,15.371272,15.315392
worker_5,1193,1788087160.437929,50,15.397317,15.339328
worker_5,1194,1788087160.453346,50,15.401670,15.354464
worker_5,1195,1788087160.468765,50,15.330327,15.281248
worker_5,1196,1788087160.484114,50,15.299492,15.249952
worker_5,1197,1788087160.499431,50,15.251270,15.189600
worker_5,1198,1788087160.514706,50,15.552069,15.487328
worker_5,1199,1788087160.530277,50,15.424698,15.361920
worker_5,1200,1788087160.545731,50,15.385605,15.264448
worker_5,1201,1788087160.561157,50,15.550588,15.358016
worker_5,1202,1788087160.576726,50,15.234335,15.178016
worker_5,1203,1788087160.591981,50,15.480105,15.414080
worker_5,1204,1788087160.607483,50,15.333521,15.266048
worker_5,1205,1788087160.622838,50,15.512060,15.452096
worker_5,1206,1788087160.638371,50,15.465931,15.408192
worker_5,1207,1788087160.653858,50,15.355513,15.308416
worker_5,1208,1788087160.669230,50,15.225244,15.175616
worker_5,1209,1788087160.684474,50,15.335615,15.288896
worker_5,1210,1788087160.699826,50,15.351309,15.298272
worker_5,1211,1788087160.715201,50,15.476070,15.421824
worker_5,1212,1788087160.730696,50,15.565773,15.513920
worker_5,1213,1788087160.746282,50,15.414828,15.360096
worker_5,1214,1788087160.761716,50,15.481625,15.428672
worker_5,1215,1788087160.777219,50,15.304679,15.255744
worker_5,1216,1788087160.792544,50,15.206780,15.150208
worker_5,1217,1788087160.807771,50,15.394855,15.327392
worker_5,1218,1788087160.823187,50,15.419874,15.365728
worker_5,1219,1788087160.838630,50,15.443412,15.228832
worker_5,1220,1788087160.854093,50,15.397587,15.202208
worker_5,1221,1788087160.869526,50,15.320985,15.196000
worker_5,1222,1788087160.884868,50,15.595284,15.389984
worker_5,1223,1788087160.900481,50,15.473577,15.419200
worker_5,1224,1788087160.915977,50,15.448503,15.395904
worker_5,1225,1788087160.931444,50,15.478199,15.420896
worker_5,1226,1788087160.946944,50,15.409996,15.346016
worker_5,1227,1788087160.962374,50,15.406216,15.347456
worker_5,1228,1788087160.977807,50,15.268039,15.205696
worker_5,1229,1788087160.993094,50,15.284550,15.230048
worker_5,1230,1788087161.008399,50,15.455559,15.389856
worker_5,1231,1788087161.023877,50,15.345160,15.282880
worker_5,1232,1788087161.039243,50,15.394605,15.336288
worker_5,1233,1788087161.054659,50,15.430384,15.360992
worker_5,1234,1788087161.070110,50,15.489772,15.437920
worker_5,1235,1788087161.085620,50,15.402225,15.350144
worker_5,1236,1788087161.101046,50,15.449670,15.375776
worker_5,1237,1788087161.116519,50,15.457532,15.404608
worker_5,1238,1788087161.131997,50,15.417485,15.364864
worker_5,1239,1788087161.147435,50,15.464966,15.410432
worker_5,1240,1788087161.162932,50,15.465031,15.398464
worker_5,1241,1788087161.178420,50,15.410567,15.350944
worker_5,1242,1788087161.193849,50,15.364605,15.308672
worker_5,1243,1788087161.209235,50,15.301549,15.231936
worker_5,1244,1788087161.224565,50,15.530115,15.454336
worker_5,1245,1788087161.240121,50,15.227177,15.167840
worker_5,1246,1788087161.255369,50,15.286670,15.236704
worker_5,1247,1788087161.270672,50,15.203743,15.153088
worker_5,1248,1788087161.285898,50,15.321549,15.267776
worker_5,1249,1788087161.301240,50,15.432143,15.355104
worker_5,1250,1788087161.316702,50,15.353865,15.299200
worker_5,1251,1788087161.332073,50,15.293604,15.198272
worker_5,1252,1788087161.347410,50,15.425032,15.323200
worker_5,1253,1788087161.362864,50,15.352457,15.286624
worker_5,1254,1788087161.378241,50,15.350929,15.299296
worker_5,1255,1788087161.393612,50,15.334114,15.284096
worker_5,1256,1788087161.408966,50,15.537181,15.482368
worker_5,1257,1788087161.424523,50,15.599441,15.541536
worker_5,1258,1788087161.440144,50,15.538616,15.481504
worker_5,1259,1788087161.455703,50,15.388162,15.302976
worker_5,1260,1788087161.471151,50,15.533412,15.439552
worker_5,1261,1788087161.486712,50,15.482838,15.418592
worker_5,1262,1788087161.502215,50,15.217808,15.161056
worker_5,1263,1788087161.517459,50,15.479050,15.413952
worker_5,1264,1788087161.532959,50,15.492977,15.433440
worker_5,1265,1788087161.548477,50,15.513736,15.436704
worker_5,1266,1788087161.564013,50,15.227576,15.172640
worker_5,1267,1788087161.579262,50,15.398754,15.318496
worker_5,1268,1788087161.594695,50,15.392096,15.307904
worker_5,1269,1788087161.610114,50,15.497588,15.434368
worker_5,1270,1788087161.625633,50,15.414310,15.354144
worker_5,1271,1788087161.641071,50,15.577469,15.515744
worker_5,1272,1788087161.656669,50,15.351994,15.301728
worker_5,1273,1788087161.672039,50,15.258910,15.208384
worker_5,1274,1788087161.687320,50,15.209216,15.157312
worker_5,1275,1788087161.702549,50,15.487671,15.403808
worker_5,1276,1788087161.718072,50,15.421931,15.342848
worker_5,1277,1788087161.733518,50,15.389948,15.333568
worker_5,1278,1788087161.748933,50,15.529588,15.463360
worker_5,1279,1788087161.764497,50,15.271984,15.216128
worker_5,1280,1788087161.779794,50,15.403476,15.350336
worker_5,1281,1788087161.795218,50,15.409827,15.344096
worker_5,1282,1788087161.810653,50,15.415049,15.352288
worker_5,1283,1788087161.826093,50,15.517448,15.297856
worker_5,1284,1788087161.841635,50,15.260400,15.192832
worker_5,1285,1788087161.856919,50,15.304123,15.250656
worker_5,1286,1788087161.872241,50,7.694224,7.641216
